{
  "__inputs": [
    {
      "name": "DS_ZABBIX",
      "label": "Zabbix",
      "description": "",
      "type": "datasource",
      "pluginId": "alexanderzobnin-zabbix-datasource",
      "pluginName": "Zabbix"
    }
  ],
  "__elements": {},
  "__requires": [
    {
      "type": "datasource",
      "id": "alexanderzobnin-zabbix-datasource",
      "name": "Zabbix",
      "version": "4.5.5"
    },
    {
      "type": "panel",
      "id": "stat",
      "name": "Stat",
      "version": ""
    },
    {
      "type": "panel",
      "id": "table",
      "name": "Table",
      "version": ""
    },
    {
      "type": "panel",
      "id": "timeseries",
      "name": "Time series",
      "version": ""
    }
  ],
  "annotations": {
    "list": [
      {
        "builtIn": 1,
        "datasource": {
          "type": "grafana",
          "uid": "-- Grafana --"
        },
        "enable": true,
        "hide": true,
        "iconColor": "rgba(0, 211, 255, 1)",
        "name": "Annotations & Alerts",
        "type": "dashboard"
      }
    ]
  },
  "editable": true,
  "fiscalYearStartMonth": 0,
  "graphTooltip": 0,
  "id": null,
  "links": [],
  "panels": [
    {
      "datasource": {
        "uid": "$datasource"
      },
      "fieldConfig": {
        "defaults": {
          "mappings": [
            {
              "options": {
                "match": "null",
                "result": {
                  "text": "N/A"
                }
              },
              "type": "special"
            }
          ],
          "thresholds": {
            "mode": "absolute",
            "steps": [
              {
                "color": "green",
                "value": null
              },
              {
                "color": "red",
                "value": 80
              }
            ]
          },
          "unit": "none"
        },
        "overrides": []
      },
      "gridPos": {
        "h": 3,
        "w": 8,
        "x": 0,
        "y": 0
      },
      "id": 3,
      "maxDataPoints": 100,
      "options": {
        "colorMode": "none",
        "graphMode": "none",
        "justifyMode": "auto",
        "orientation": "horizontal",
        "percentChangeColorMode": "standard",
        "reduceOptions": {
          "calcs": ["mean"],
          "fields": "",
          "values": false
        },
        "showPercentChange": false,
        "textMode": "auto",
        "wideLayout": true
      },
      "pluginVersion": "11.4.0-pre",
      "targets": [
        {
          "application": {
            "filter": ""
          },
          "countTriggersBy": "",
          "datasource": {
            "type": "alexanderzobnin-zabbix-datasource",
            "uid": "${DS_ZABBIX}"
          },
          "evaltype": "0",
          "functions": [],
          "group": {
            "filter": "Zabbix servers"
          },
          "host": {
            "filter": "Zabbix server"
          },
          "itServiceFilter": "Backend service",
          "item": {
            "filter": "System name"
          },
          "itemTag": {
            "filter": "component: system"
          },
          "macro": {
            "filter": ""
          },
          "mode": 2,
          "options": {
            "count": false,
            "disableDataAlignment": false,
            "showDisabledItems": false,
            "skipEmptyValues": false,
            "useTrends": "default",
            "useZabbixValueMapping": false
          },
          "proxy": {
            "filter": ""
          },
          "queryType": "2",
          "refId": "A",
          "resultFormat": "time_series",
          "schema": 12,
          "slaFilter": "Backend SLA 2",
          "slaInterval": "none",
          "slaProperty": "sla",
          "table": {
            "skipEmptyValues": false
          },
          "tags": {
            "filter": ""
          },
          "textFilter": "",
          "trigger": {
            "filter": ""
          }
        }
      ],
      "title": "Host name",
      "type": "stat"
    },
    {
      "datasource": {
        "uid": "$datasource"
      },
      "fieldConfig": {
        "defaults": {
          "decimals": 0,
          "mappings": [
            {
              "options": {
                "match": "null",
                "result": {
                  "text": "N/A"
                }
              },
              "type": "special"
            }
          ],
          "thresholds": {
            "mode": "absolute",
            "steps": [
              {
                "color": "green",
                "value": null
              },
              {
                "color": "red",
                "value": 80
              }
            ]
          },
          "unit": "s"
        },
        "overrides": []
      },
      "gridPos": {
        "h": 3,
        "w": 8,
        "x": 8,
        "y": 0
      },
      "id": 4,
      "maxDataPoints": "",
      "options": {
        "colorMode": "none",
        "graphMode": "none",
        "justifyMode": "auto",
        "orientation": "horizontal",
        "percentChangeColorMode": "standard",
        "reduceOptions": {
          "calcs": ["lastNotNull"],
          "fields": "",
          "values": false
        },
        "showPercentChange": false,
        "textMode": "auto",
        "wideLayout": true
      },
      "pluginVersion": "11.4.0-pre",
      "targets": [
        {
          "application": {
            "filter": "General"
          },
          "countTriggersBy": "",
          "datasource": {
            "type": "alexanderzobnin-zabbix-datasource",
            "uid": "${DS_ZABBIX}"
          },
          "evaltype": "0",
          "functions": [],
          "group": {
            "filter": "Zabbix servers"
          },
          "host": {
            "filter": "Zabbix server"
          },
          "item": {
            "filter": "System uptime"
          },
          "itemTag": {
            "filter": ""
          },
          "macro": {
            "filter": ""
          },
          "mode": 0,
          "options": {
            "count": false,
            "disableDataAlignment": false,
            "showDisabledItems": false,
            "skipEmptyValues": false,
            "useTrends": "default",
            "useZabbixValueMapping": false
          },
          "proxy": {
            "filter": ""
          },
          "queryType": "0",
          "refId": "A",
          "resultFormat": "time_series",
          "schema": 12,
          "table": {
            "skipEmptyValues": false
          },
          "tags": {
            "filter": ""
          },
          "textFilter": "",
          "trigger": {
            "filter": ""
          }
        }
      ],
      "title": "Uptime",
      "type": "stat"
    },
    {
      "datasource": {
        "uid": "$datasource"
      },
      "fieldConfig": {
        "defaults": {
          "mappings": [
            {
              "options": {
                "match": "null",
                "result": {
                  "text": "N/A"
                }
              },
              "type": "special"
            }
          ],
          "thresholds": {
            "mode": "absolute",
            "steps": [
              {
                "color": "green",
                "value": null
              },
              {
                "color": "red",
                "value": 80
              }
            ]
          },
          "unit": "none"
        },
        "overrides": []
      },
      "gridPos": {
        "h": 3,
        "w": 8,
        "x": 16,
        "y": 0
      },
      "id": 5,
      "maxDataPoints": "",
      "options": {
        "colorMode": "none",
        "graphMode": "none",
        "justifyMode": "auto",
        "orientation": "horizontal",
        "percentChangeColorMode": "standard",
        "reduceOptions": {
          "calcs": ["lastNotNull"],
          "fields": "",
          "values": false
        },
        "showPercentChange": false,
        "textMode": "auto",
        "wideLayout": true
      },
      "pluginVersion": "11.4.0-pre",
      "targets": [
        {
          "application": {
            "filter": "Zabbix server"
          },
          "countTriggersBy": "",
          "datasource": {
            "type": "alexanderzobnin-zabbix-datasource",
            "uid": "${DS_ZABBIX}"
          },
          "evaltype": "0",
          "functions": [],
          "group": {
            "filter": "Zabbix servers"
          },
          "host": {
            "filter": "Zabbix server"
          },
          "item": {
            "filter": "Zabbix server: Number of processed values per second"
          },
          "itemTag": {
            "filter": ""
          },
          "macro": {
            "filter": ""
          },
          "mode": 0,
          "options": {
            "count": false,
            "disableDataAlignment": false,
            "showDisabledItems": false,
            "skipEmptyValues": false,
            "useTrends": "default",
            "useZabbixValueMapping": false
          },
          "proxy": {
            "filter": ""
          },
          "queryType": "0",
          "refId": "A",
          "resultFormat": "time_series",
          "schema": 12,
          "table": {
            "skipEmptyValues": false
          },
          "tags": {
            "filter": ""
          },
          "textFilter": "",
          "trigger": {
            "filter": ""
          }
        }
      ],
      "title": "Required performance, NVPS",
      "type": "stat"
    },
    {
      "datasource": {
        "uid": "$datasource"
      },
      "fieldConfig": {
        "defaults": {
          "color": {
            "mode": "palette-classic"
          },
          "custom": {
            "axisBorderShow": false,
            "axisCenteredZero": false,
            "axisColorMode": "text",
            "axisLabel": "",
            "axisPlacement": "auto",
            "barAlignment": 0,
            "barWidthFactor": 0.6,
            "drawStyle": "line",
            "fillOpacity": 10,
            "gradientMode": "none",
            "hideFrom": {
              "legend": false,
              "tooltip": false,
              "viz": false
            },
            "insertNulls": false,
            "lineInterpolation": "linear",
            "lineWidth": 2,
            "pointSize": 5,
            "scaleDistribution": {
              "type": "linear"
            },
            "showPoints": "never",
            "spanNulls": true,
            "stacking": {
              "group": "A",
              "mode": "normal"
            },
            "thresholdsStyle": {
              "mode": "off"
            }
          },
          "mappings": [],
          "thresholds": {
            "mode": "absolute",
            "steps": [
              {
                "color": "green",
                "value": null
              },
              {
                "color": "red",
                "value": 80
              }
            ]
          },
          "unit": "percent"
        },
        "overrides": [
          {
            "matcher": {
              "id": "byRegexp",
              "options": "/user/"
            },
            "properties": [
              {
                "id": "color",
                "value": {
                  "fixedColor": "#1F78C1",
                  "mode": "fixed"
                }
              }
            ]
          },
          {
            "matcher": {
              "id": "byRegexp",
              "options": "/system/"
            },
            "properties": [
              {
                "id": "color",
                "value": {
                  "fixedColor": "#BF1B00",
                  "mode": "fixed"
                }
              }
            ]
          },
          {
            "matcher": {
              "id": "byRegexp",
              "options": "/iowait/"
            },
            "properties": [
              {
                "id": "color",
                "value": {
                  "fixedColor": "#E5AC0E",
                  "mode": "fixed"
                }
              }
            ]
          }
        ]
      },
      "gridPos": {
        "h": 8,
        "w": 14,
        "x": 0,
        "y": 3
      },
      "id": 1,
      "options": {
        "legend": {
          "calcs": [],
          "displayMode": "table",
          "placement": "right",
          "showLegend": true
        },
        "tooltip": {
          "mode": "multi",
          "sort": "none"
        }
      },
      "pluginVersion": "11.4.0-pre",
      "targets": [
        {
          "application": {
            "filter": "CPU"
          },
          "countTriggersBy": "",
          "datasource": {
            "type": "alexanderzobnin-zabbix-datasource",
            "uid": "${DS_ZABBIX}"
          },
          "evaltype": "0",
          "functions": [],
          "group": {
            "filter": "Zabbix servers"
          },
          "host": {
            "filter": "Zabbix server"
          },
          "item": {
            "filter": "CPU idle time"
          },
          "itemTag": {
            "filter": ""
          },
          "macro": {
            "filter": ""
          },
          "mode": 0,
          "options": {
            "count": false,
            "disableDataAlignment": false,
            "showDisabledItems": false,
            "skipEmptyValues": false,
            "useTrends": "default",
            "useZabbixValueMapping": false
          },
          "proxy": {
            "filter": ""
          },
          "queryType": "0",
          "refId": "A",
          "resultFormat": "time_series",
          "schema": 12,
          "table": {
            "skipEmptyValues": false
          },
          "tags": {
            "filter": ""
          },
          "textFilter": "",
          "trigger": {
            "filter": ""
          }
        }
      ],
      "title": "CPU",
      "type": "timeseries"
    },
    {
      "datasource": {
        "uid": "$datasource"
      },
      "fieldConfig": {
        "defaults": {
          "color": {
            "mode": "thresholds"
          },
          "custom": {
            "align": "auto",
            "cellOptions": {
              "type": "color-background"
            },
            "inspect": false
          },
          "decimals": 1,
          "mappings": [],
          "thresholds": {
            "mode": "absolute",
            "steps": [
              {
                "color": "rgb(41, 170, 106)",
                "value": null
              },
              {
                "color": "rgba(239, 148, 21, 0.89)",
                "value": 50
              },
              {
                "color": "rgba(239, 10, 10, 0.9)",
                "value": 80
              }
            ]
          },
          "unit": "percent"
        },
        "overrides": [
          {
            "matcher": {
              "id": "byName",
              "options": "Time"
            },
            "properties": [
              {
                "id": "unit",
                "value": "time: YYYY-MM-DD HH:mm:ss"
              },
              {
                "id": "custom.align"
              }
            ]
          }
        ]
      },
      "gridPos": {
        "h": 8,
        "w": 10,
        "x": 14,
        "y": 3
      },
      "id": 2,
      "options": {
        "cellHeight": "sm",
        "footer": {
          "countRows": false,
          "fields": "",
          "reducer": ["sum"],
          "show": false
        },
        "showHeader": true
      },
      "pluginVersion": "11.4.0-pre",
      "targets": [
        {
          "application": {
            "filter": "Zabbix server"
          },
          "countTriggersBy": "",
          "datasource": {
            "type": "alexanderzobnin-zabbix-datasource",
            "uid": "${DS_ZABBIX}"
          },
          "evaltype": "0",
          "functions": [],
          "group": {
            "filter": "Zabbix servers"
          },
          "host": {
            "filter": "Zabbix server"
          },
          "item": {
            "filter": "/.* process/"
          },
          "itemTag": {
            "filter": ""
          },
          "macro": {
            "filter": ""
          },
          "mode": 0,
          "options": {
            "count": false,
            "disableDataAlignment": false,
            "showDisabledItems": false,
            "skipEmptyValues": false,
            "useTrends": "default",
            "useZabbixValueMapping": false
          },
          "proxy": {
            "filter": ""
          },
          "queryType": "0",
          "refId": "A",
          "resultFormat": "time_series",
          "schema": 12,
          "table": {
            "skipEmptyValues": false
          },
          "tags": {
            "filter": ""
          },
          "textFilter": "",
          "trigger": {
            "filter": ""
          }
        }
      ],
      "title": "Zabbix processes",
      "type": "table"
    },
    {
      "datasource": {
        "uid": "$datasource"
      },
      "fieldConfig": {
        "defaults": {
          "color": {
            "mode": "palette-classic"
          },
          "custom": {
            "axisBorderShow": false,
            "axisCenteredZero": false,
            "axisColorMode": "text",
            "axisLabel": "",
            "axisPlacement": "auto",
            "barAlignment": 0,
            "barWidthFactor": 0.6,
            "drawStyle": "line",
            "fillOpacity": 0,
            "gradientMode": "none",
            "hideFrom": {
              "legend": false,
              "tooltip": false,
              "viz": false
            },
            "insertNulls": false,
            "lineInterpolation": "linear",
            "lineWidth": 2,
            "pointSize": 5,
            "scaleDistribution": {
              "type": "linear"
            },
            "showPoints": "never",
            "spanNulls": true,
            "stacking": {
              "group": "A",
              "mode": "none"
            },
            "thresholdsStyle": {
              "mode": "off"
            }
          },
          "mappings": [],
          "thresholds": {
            "mode": "absolute",
            "steps": [
              {
                "color": "green",
                "value": null
              },
              {
                "color": "red",
                "value": 80
              }
            ]
          },
          "unit": "percent"
        },
        "overrides": [
          {
            "matcher": {
              "id": "byValue",
              "options": {
                "op": "gte",
                "reducer": "allIsZero",
                "value": 0
              }
            },
            "properties": [
              {
                "id": "custom.hideFrom",
                "value": {
                  "legend": true,
                  "tooltip": true,
                  "viz": false
                }
              }
            ]
          },
          {
            "matcher": {
              "id": "byValue",
              "options": {
                "op": "gte",
                "reducer": "allIsNull",
                "value": 0
              }
            },
            "properties": [
              {
                "id": "custom.hideFrom",
                "value": {
                  "legend": true,
                  "tooltip": true,
                  "viz": false
                }
              }
            ]
          }
        ]
      },
      "gridPos": {
        "h": 10,
        "w": 14,
        "x": 0,
        "y": 11
      },
      "id": 6,
      "options": {
        "legend": {
          "calcs": [],
          "displayMode": "table",
          "placement": "right",
          "showLegend": true
        },
        "tooltip": {
          "mode": "multi",
          "sort": "none"
        }
      },
      "pluginVersion": "11.4.0-pre",
      "targets": [
        {
          "application": {
            "filter": "Zabbix server"
          },
          "countTriggersBy": "",
          "datasource": {
            "type": "alexanderzobnin-zabbix-datasource",
            "uid": "${DS_ZABBIX}"
          },
          "evaltype": "0",
          "functions": [],
          "group": {
            "filter": "Zabbix servers"
          },
          "host": {
            "filter": "Zabbix server"
          },
          "item": {
            "filter": "Zabbix server: Utilization of task manager internal processes, in %"
          },
          "itemTag": {
            "filter": ""
          },
          "macro": {
            "filter": ""
          },
          "mode": 0,
          "options": {
            "count": false,
            "disableDataAlignment": false,
            "showDisabledItems": false,
            "skipEmptyValues": false,
            "useTrends": "default",
            "useZabbixValueMapping": false
          },
          "proxy": {
            "filter": ""
          },
          "queryType": "0",
          "refId": "A",
          "resultFormat": "time_series",
          "schema": 12,
          "table": {
            "skipEmptyValues": false
          },
          "tags": {
            "filter": ""
          },
          "textFilter": "",
          "trigger": {
            "filter": ""
          }
        }
      ],
      "title": "Zabbix busy processes",
      "type": "timeseries"
    },
    {
      "datasource": {
        "uid": "$datasource"
      },
      "fieldConfig": {
        "defaults": {
          "color": {
            "mode": "palette-classic"
          },
          "custom": {
            "axisBorderShow": false,
            "axisCenteredZero": false,
            "axisColorMode": "text",
            "axisLabel": "",
            "axisPlacement": "auto",
            "barAlignment": 0,
            "barWidthFactor": 0.6,
            "drawStyle": "line",
            "fillOpacity": 0,
            "gradientMode": "none",
            "hideFrom": {
              "legend": false,
              "tooltip": false,
              "viz": false
            },
            "insertNulls": false,
            "lineInterpolation": "linear",
            "lineWidth": 2,
            "pointSize": 5,
            "scaleDistribution": {
              "type": "linear"
            },
            "showPoints": "never",
            "spanNulls": true,
            "stacking": {
              "group": "A",
              "mode": "none"
            },
            "thresholdsStyle": {
              "mode": "off"
            }
          },
          "mappings": [],
          "thresholds": {
            "mode": "absolute",
            "steps": [
              {
                "color": "green",
                "value": null
              },
              {
                "color": "red",
                "value": 80
              }
            ]
          },
          "unit": "short"
        },
        "overrides": []
      },
      "gridPos": {
        "h": 10,
        "w": 8,
        "x": 14,
        "y": 11
      },
      "id": 7,
      "options": {
        "legend": {
          "calcs": [],
          "displayMode": "list",
          "placement": "bottom",
          "showLegend": true
        },
        "tooltip": {
          "mode": "multi",
          "sort": "none"
        }
      },
      "pluginVersion": "11.4.0-pre",
      "targets": [
        {
          "application": {
            "filter": "Zabbix server"
          },
          "countTriggersBy": "",
          "datasource": {
            "type": "alexanderzobnin-zabbix-datasource",
            "uid": "${DS_ZABBIX}"
          },
          "evaltype": "0",
          "functions": [],
          "group": {
            "filter": "Zabbix servers"
          },
          "host": {
            "filter": "Zabbix server"
          },
          "item": {
            "filter": "Zabbix server: Queue"
          },
          "itemTag": {
            "filter": ""
          },
          "macro": {
            "filter": ""
          },
          "mode": 0,
          "options": {
            "count": false,
            "disableDataAlignment": false,
            "showDisabledItems": false,
            "skipEmptyValues": false,
            "useTrends": "default",
            "useZabbixValueMapping": false
          },
          "proxy": {
            "filter": ""
          },
          "queryType": "0",
          "refId": "A",
          "schema": 12,
          "table": {
            "skipEmptyValues": false
          },
          "tags": {
            "filter": ""
          },
          "textFilter": "",
          "trigger": {
            "filter": ""
          }
        },
        {
          "application": {
            "filter": "Zabbix server"
          },
          "countTriggersBy": "",
          "datasource": {
            "uid": "$datasource"
          },
          "evaltype": "0",
          "functions": [],
          "group": {
            "filter": "Zabbix servers"
          },
          "host": {
            "filter": "Zabbix server"
          },
          "item": {
            "filter": "Number of running processes"
          },
          "itemTag": {
            "filter": ""
          },
          "macro": {
            "filter": ""
          },
          "mode": 0,
          "options": {
            "count": false,
            "disableDataAlignment": false,
            "showDisabledItems": false,
            "skipEmptyValues": false,
            "useTrends": "default",
            "useZabbixValueMapping": false
          },
          "proxy": {
            "filter": ""
          },
          "queryType": "0",
          "refId": "B",
          "resultFormat": "time_series",
          "schema": 12,
          "table": {
            "skipEmptyValues": false
          },
          "tags": {
            "filter": ""
          },
          "textFilter": "",
          "trigger": {
            "filter": ""
          }
        }
      ],
      "title": "Zabbix Queue",
      "type": "timeseries"
    }
  ],
  "schemaVersion": 40,
  "tags": [],
  "templating": {
    "list": [
      {
        "current": {},
        "label": "Zabbix Data Source",
        "name": "datasource",
        "options": [],
        "query": "alexanderzobnin-zabbix-datasource",
        "refresh": 1,
        "regex": "",
        "type": "datasource"
      }
    ]
  },
  "time": {
    "from": "now-6h",
    "to": "now"
  },
  "timepicker": {},
  "timezone": "browser",
  "title": "Zabbix Server Dashboard",
  "uid": "fe0ylyg4cdd6oc",
  "version": 2,
  "weekStart": ""
}
